{"id":158899,"p_name":"\u8bed\u97f3222","goods_id":56,"scene_id":1,"module_id":6,"p_language":"cn","create_time":1718861091,"updata_time":null,"label":"9BA6_26CB3","from_tag":0,"_ver_list":[{"id":523596,"p_id":158899,"version":"20240620001","plan_id":1,"signal":"{\"number\":\"1\",\"field\":\"far\",\"denoise\":\"0\",\"ace\":\"\"}","wakeup":"{\"wakeupSensitive\":\"middle\",\"wakeupWord\":[{\"word\":\"\u4f60\u597d\u5c0f\u5e05\",\"tips\":\"\",\"piny\":\"ni3 hao3 xiao3 shuai4\",\"score\":\"\",\"evaluate\":\"\"}],\"wakeReply\":[\"\u6211\u5728\",\"\u4f60\u8bf4\",\"\u6709\u4ec0\u4e48\u53ef\u4ee5\u5e2e\u5230\u4f60\",\"\u64ad\u653e\u97f3\u4e50\"]}","cmd":"{\"cmdSensitivity\":\"middle\",\"cmdWord\":[{\"trigger\":[\"cmd\"],\"isCMD\":true,\"action\":\"dance\",\"tips\":\"\",\"word\":\"\u8df3\u4e2a\u821e\",\"wordTips\":\"\",\"reply\":\"\u597d\u7684\",\"replyTips\":\"\"},{\"trigger\":[\"cmd\"],\"isCMD\":true,\"action\":\"music\",\"tips\":\"\",\"word\":\"\u5531\u4e2a\u6b4c\",\"wordTips\":\"\",\"reply\":\"\u64ad\u653e\u97f3\u4e50\",\"replyTips\":\"\"},{\"trigger\":[\"cmd\"],\"isCMD\":true,\"action\":\"front\",\"tips\":\"\",\"word\":\"\u524d\u8fdb\",\"wordTips\":\"\",\"reply\":\"\u6536\u5230\",\"replyTips\":\"\"},{\"trigger\":[\"cmd\"],\"isCMD\":true,\"action\":\"left\",\"tips\":\"\",\"word\":\"\u5411\u5de6\u8f6c\",\"wordTips\":\"\",\"reply\":\"\u6536\u5230\",\"replyTips\":\"\"},{\"trigger\":[\"cmd\"],\"isCMD\":true,\"action\":\"right\",\"tips\":\"\",\"word\":\"\u5411\u53f3\u8f6c\",\"wordTips\":\"\",\"reply\":\"\u6536\u5230\",\"replyTips\":\"\"},{\"trigger\":[\"cmd\"],\"isCMD\":true,\"word\":\"\u505c\u6b62\u821e\u8e48\",\"wordTips\":\"\",\"action\":\"stop_dance\",\"tips\":\"\",\"reply\":\"\u6536\u5230\",\"replyTips\":\"\"},{\"trigger\":[\"cmd\"],\"isCMD\":true,\"action\":\"stop_front\",\"tips\":\"\",\"word\":\"\u505c\u6b62\u524d\u8fdb\",\"wordTips\":\"\",\"reply\":\"\u6536\u5230\",\"replyTips\":\"\"},{\"trigger\":[\"cmd\"],\"isCMD\":true,\"action\":\"tempt\",\"tips\":\"\",\"word\":\"\u73b0\u5728\u6e29\u5ea6\u662f\u591a\u5c11\",\"wordTips\":\"\",\"trigTips\":\"\"},{\"trigger\":[\"cmd\"],\"isCMD\":true,\"trigTips\":\"\",\"action\":\"time\",\"tips\":\"\",\"word\":\"\u73b0\u5728\u7684\u65f6\u95f4\u662f\",\"wordTips\":\"\"}],\"cmdReply\":[],\"cmdWrong\":{\"word\":\"\",\"wordTips\":\"\"}}","acoustic_mode":null,"custom_voice":"{\"voiceType\":\"speaker\",\"speaker\":{\"id\":3,\"name\":\"\u7cd6\u7cd6\",\"name_pinyin\":\"tangtang\",\"i_img\":\"https:\/\/images.smartpi.cn\/img\/informant_img3.png\",\"i_type\":\"\u6d3b\u6cfc\u5973\u751f\",\"origin\":1,\"lang\":0},\"volume\":50,\"speed\":50,\"brightness\":50}","other_config":"{\"welcome\":\"custom\",\"text\":\"\u4f60\u597d\",\"exitTime\":10,\"timeExitReply\":[\"\u6709\u9700\u8981\u518d\u53eb\u6211\"],\"exitCmd\":[\"\u9000\u4e0b\"],\"exitReply\":[\"\u6709\u9700\u8981\u518d\u53eb\u6211\"]}","action_config":"[{\"action\":\"wakeup_uni\",\"word\":\"\u4f60\u597d\u5c0f\u5e05\",\"trigger_items\":[],\"ctrl_items\":[]},{\"action\":\"dance\",\"word\":\"\u8df3\u4e2a\u821e\",\"trigger_items\":[],\"ctrl_items\":[{\"actionType\":\"pin_out\",\"function\":\"GPIO_B1\",\"command\":\"set\",\"params\":{\"duty\":0,\"data\":\"\",\"voltage\":\"high\",\"period\":10,\"times\":1,\"var_name\":\"\",\"var_opr\":\"\",\"var_mode\":\"data\",\"var_data\":\"\",\"var_param\":\"\",\"var_var\":\"\",\"sys_type\":\"\",\"sys_opr\":\"\",\"sys_args\":{}},\"is_delayed\":\"0\",\"delayed_time\":0,\"is_flip\":\"0\",\"flip_time\":0,\"voice_content\":[{\"type\":\"text\",\"value\":\"\"}],\"is_condition\":\"0\",\"condition\":[[]],\"cond_value\":{},\"cond_right\":[{}]}]},{\"action\":\"music\",\"word\":\"\u5531\u4e2a\u6b4c\",\"trigger_items\":[],\"ctrl_items\":[]},{\"action\":\"front\",\"word\":\"\u524d\u8fdb\",\"trigger_items\":[],\"ctrl_items\":[{\"actionType\":\"pin_out\",\"function\":\"GPIO_B0\",\"command\":\"set\",\"params\":{\"duty\":0,\"data\":\"\",\"voltage\":\"high\",\"period\":10,\"times\":1,\"var_name\":\"\",\"var_opr\":\"\",\"var_mode\":\"data\",\"var_data\":\"\",\"var_param\":\"\",\"var_var\":\"\",\"sys_type\":\"\",\"sys_opr\":\"\",\"sys_args\":{}},\"is_delayed\":\"0\",\"delayed_time\":0,\"is_flip\":\"0\",\"flip_time\":0,\"voice_content\":[{\"type\":\"text\",\"value\":\"\"}],\"is_condition\":\"0\",\"condition\":[[]],\"cond_value\":{},\"cond_right\":[{}]}]},{\"action\":\"left\",\"word\":\"\u5411\u5de6\u8f6c\",\"trigger_items\":[],\"ctrl_items\":[{\"actionType\":\"pin_out\",\"function\":\"GPIO_A25\",\"command\":\"set\",\"params\":{\"duty\":0,\"data\":\"\",\"voltage\":\"high\",\"period\":10,\"times\":1,\"var_name\":\"\",\"var_opr\":\"\",\"var_mode\":\"data\",\"var_data\":\"\",\"var_param\":\"\",\"var_var\":\"\",\"sys_type\":\"\",\"sys_opr\":\"\",\"sys_args\":{}},\"is_delayed\":\"0\",\"delayed_time\":0,\"is_flip\":\"0\",\"flip_time\":0,\"voice_content\":[{\"type\":\"text\",\"value\":\"\"}],\"is_condition\":\"0\",\"condition\":[[]],\"cond_value\":{},\"cond_right\":[{}]}]},{\"action\":\"right\",\"word\":\"\u5411\u53f3\u8f6c\",\"trigger_items\":[],\"ctrl_items\":[{\"actionType\":\"pin_out\",\"function\":\"GPIO_A26\",\"command\":\"set\",\"params\":{\"duty\":0,\"data\":\"\",\"voltage\":\"high\",\"period\":10,\"times\":1,\"var_name\":\"\",\"var_opr\":\"\",\"var_mode\":\"data\",\"var_data\":\"\",\"var_param\":\"\",\"var_var\":\"\",\"sys_type\":\"\",\"sys_opr\":\"\",\"sys_args\":{}},\"is_delayed\":\"0\",\"delayed_time\":0,\"is_flip\":\"0\",\"flip_time\":0,\"voice_content\":[{\"type\":\"text\",\"value\":\"\"}],\"is_condition\":\"0\",\"condition\":[[]],\"cond_value\":{},\"cond_right\":[{}]}]},{\"action\":\"stop_dance\",\"word\":\"\u505c\u6b62\u821e\u8e48\",\"trigger_items\":[],\"ctrl_items\":[{\"actionType\":\"pin_out\",\"function\":\"GPIO_B1\",\"command\":\"set\",\"params\":{\"duty\":0,\"data\":\"\",\"voltage\":\"low\",\"period\":10,\"times\":1,\"var_name\":\"\",\"var_opr\":\"\",\"var_mode\":\"data\",\"var_data\":\"\",\"var_param\":\"\",\"var_var\":\"\",\"sys_type\":\"\",\"sys_opr\":\"\",\"sys_args\":{}},\"is_delayed\":\"0\",\"delayed_time\":0,\"is_flip\":\"0\",\"flip_time\":0,\"voice_content\":[{\"type\":\"text\",\"value\":\"\"}],\"is_condition\":\"0\",\"condition\":[[]],\"cond_value\":{},\"cond_right\":[{}]}]},{\"action\":\"stop_front\",\"word\":\"\u505c\u6b62\u524d\u8fdb\",\"trigger_items\":[],\"ctrl_items\":[{\"actionType\":\"pin_out\",\"function\":\"GPIO_B0\",\"command\":\"set\",\"params\":{\"duty\":0,\"data\":\"\",\"voltage\":\"low\",\"period\":10,\"times\":1,\"var_name\":\"\",\"var_opr\":\"\",\"var_mode\":\"data\",\"var_data\":\"\",\"var_param\":\"\",\"var_var\":\"\",\"sys_type\":\"\",\"sys_opr\":\"\",\"sys_args\":{}},\"is_delayed\":\"0\",\"delayed_time\":0,\"is_flip\":\"0\",\"flip_time\":0,\"voice_content\":[{\"type\":\"text\",\"value\":\"\"}],\"is_condition\":\"0\",\"condition\":[[]],\"cond_value\":{},\"cond_right\":[{}]}]},{\"action\":\"tempt\",\"word\":\"\u73b0\u5728\u6e29\u5ea6\u662f\u591a\u5c11\",\"trigger_items\":[],\"ctrl_items\":[{\"actionType\":\"play\",\"function\":\"\",\"command\":\"\",\"params\":{\"duty\":0,\"data\":\"\",\"voltage\":\"\",\"period\":10,\"times\":1,\"var_name\":\"\",\"var_opr\":\"\",\"var_mode\":\"data\",\"var_data\":\"\",\"var_param\":\"\",\"var_var\":\"\",\"sys_type\":\"\",\"sys_opr\":\"\",\"sys_args\":{}},\"is_delayed\":\"0\",\"delayed_time\":\"\",\"is_flip\":\"0\",\"flip_time\":\"\",\"voice_content\":[{\"type\":\"text\",\"value\":\"\u73b0\u5728\u7684\u6e29\u5ea6\u662fa\u6444\u6c0f\u5ea6\",\"textTips\":\"\"},{\"type\":\"var\",\"value\":\"a\"}],\"is_condition\":\"0\",\"condition\":[[]],\"cond_value\":{},\"cond_right\":[{}]}]},{\"action\":\"time\",\"word\":\"\u73b0\u5728\u7684\u65f6\u95f4\u662f\",\"trigger_items\":[],\"ctrl_items\":[{\"actionType\":\"play\",\"function\":\"\",\"command\":\"\",\"params\":{\"duty\":0,\"data\":\"\",\"voltage\":\"\",\"period\":10,\"times\":1,\"var_name\":\"\",\"var_opr\":\"\",\"var_mode\":\"data\",\"var_data\":\"\",\"var_param\":\"\",\"var_var\":\"\",\"sys_type\":\"\",\"sys_opr\":\"\",\"sys_args\":{}},\"is_delayed\":\"0\",\"delayed_time\":\"\",\"is_flip\":\"0\",\"flip_time\":\"\",\"voice_content\":[{\"type\":\"text\",\"value\":\"\u73b0\u5728\u7684\u65f6\u95f4\u662ftime\",\"textTips\":\"\"},{\"type\":\"var\",\"value\":\"time\"}],\"is_condition\":\"0\",\"condition\":[[]],\"cond_value\":{},\"cond_right\":[{}]}]}]","pin_config":"[{\"pin\":1,\"function\":\"GPIO_B0\",\"params\":{\"def_voltage\":\"low\",\"baud_rate\":9600,\"data_bits\":8,\"stop_bits\":1,\"parity_bits\":\"none\",\"frequency\":2000,\"reverse_voltage\":\"disable\",\"mode\":\"out\",\"adc_range\":100,\"pulse_range\":100,\"frequency_soft\":100,\"reverse_voltage_soft\":\"disable\",\"default_function\":\"\"},\"memory\":\"0\"},{\"pin\":2,\"function\":\"GPIO_B1\",\"params\":{\"def_voltage\":\"low\",\"frequency\":2000,\"reverse_voltage\":\"disable\",\"mode\":\"out\",\"pulse_range\":100,\"frequency_soft\":100,\"reverse_voltage_soft\":\"disable\",\"rx_mode\":\"0\",\"rx_head\":\"AA 55\",\"rx_foot\":\"55 AA\",\"default_function\":\"\"},\"memory\":\"0\"},{\"pin\":\"3\",\"function\":\"GPIO_A25\",\"params\":{\"def_voltage\":\"low\",\"mode\":\"out\",\"adc_range\":100,\"pulse_range\":100,\"frequency_soft\":100,\"reverse_voltage_soft\":\"disable\",\"default_function\":\"\"},\"memory\":\"0\"},{\"pin\":\"4\",\"function\":\"GPIO_A26\",\"params\":{\"def_voltage\":\"low\",\"mode\":\"out\",\"adc_range\":100,\"pulse_range\":100,\"frequency_soft\":100,\"reverse_voltage_soft\":\"disable\",\"default_function\":\"\"},\"memory\":\"0\"},{\"pin\":\"5\",\"function\":\"GPIO_A27\",\"params\":{\"def_voltage\":\"low\",\"frequency\":2000,\"reverse_voltage\":\"disable\",\"mode\":\"out\",\"adc_range\":100,\"pulse_range\":100,\"frequency_soft\":100,\"reverse_voltage_soft\":\"disable\",\"default_function\":\"\"},\"memory\":\"0\"},{\"pin\":\"6\",\"function\":\"GPIO_A28\",\"params\":{\"def_voltage\":\"low\",\"frequency\":2000,\"reverse_voltage\":\"disable\",\"mode\":\"out\",\"pulse_range\":100,\"frequency_soft\":100,\"reverse_voltage_soft\":\"disable\",\"default_function\":\"\"},\"memory\":\"0\"},{\"pin\":\"7\",\"function\":\"UART1_RX\",\"params\":{\"def_voltage\":\"low\",\"mode\":\"out\",\"pulse_range\":100,\"frequency_soft\":100,\"reverse_voltage_soft\":\"disable\",\"rx_mode\":\"0\",\"rx_head\":\"AA 55\",\"rx_foot\":\"55 AA\",\"default_function\":\"\"},\"memory\":\"0\"},{\"pin\":\"8\",\"function\":\"UART1_TX\",\"params\":{\"def_voltage\":\"low\",\"baud_rate\":115200,\"data_bits\":8,\"stop_bits\":1,\"parity_bits\":\"none\",\"mode\":\"out\",\"pulse_range\":100,\"frequency_soft\":100,\"reverse_voltage_soft\":\"disable\",\"default_function\":\"\"},\"memory\":\"0\"},{\"pin\":\"9\",\"function\":\"GPIO_B8\",\"params\":{\"def_voltage\":\"low\",\"frequency\":2000,\"reverse_voltage\":\"disable\",\"mode\":\"out\",\"pulse_range\":100,\"frequency_soft\":100,\"reverse_voltage_soft\":\"disable\",\"default_function\":\"\"},\"memory\":\"0\"},{\"pin\":\"21\",\"function\":\"GPIO_B2\",\"params\":{\"def_voltage\":\"low\",\"baud_rate\":9600,\"data_bits\":8,\"stop_bits\":1,\"parity_bits\":\"none\",\"frequency\":2000,\"reverse_voltage\":\"disable\",\"mode\":\"out\",\"pulse_range\":100,\"frequency_soft\":100,\"reverse_voltage_soft\":\"disable\",\"default_function\":\"\"},\"memory\":\"0\"},{\"pin\":\"22\",\"function\":\"GPIO_B3\",\"params\":{\"def_voltage\":\"low\",\"frequency\":2000,\"reverse_voltage\":\"disable\",\"mode\":\"out\",\"pulse_range\":100,\"frequency_soft\":100,\"reverse_voltage_soft\":\"disable\",\"rx_mode\":\"0\",\"rx_head\":\"AA 55\",\"rx_foot\":\"55 AA\",\"default_function\":\"\"},\"memory\":\"0\"}]","create_time":1718861091,"status":2,"appkey":"h77l6z2njz35kqcwuodwx356wfje2vahct53v2au","secret":"742f6cd16f955fe9471f53ecaf1a2a53","create_sdk_time":1718866473,"sign":"EF3F103E5DC01DCE2DC1220AD3FFA2940A6D698ED1691EC78C19C42D4F82F727","download_url":"https:\/\/unios-sdk.oss-cn-beijing.aliyuncs.com\/sdk\/h77l6z2njz35kqcwuodwx356wfje2vahct53v2au\/rtt_hb_m_online\/uni_hb_m_solution-164602-20240620.tar.gz","down_file":null,"version_describe":"1111","optimize_config":"[]","var_config":"[{\"name\":\"a\",\"type\":\"int\",\"def_val\":0,\"memory\":\"0\",\"remark\":\"\",\"name_tips\":\"\"},{\"name\":\"time\",\"type\":\"char\",\"def_val\":20,\"memory\":\"0\",\"remark\":\"\",\"name_tips\":\"\"}]","study_config":"{\"open\":\"0\",\"success_count\":\"3\",\"fail_count\":\"5\",\"one_mode\":\"1\",\"actions\":[{\"action\":\"startStudy\",\"word\":\"\u5f00\u59cb\u5b66\u4e60\",\"replys\":[{\"reply\":\"\u5f00\u59cb\u5b66\u4e60\u5524\u9192\u8bcd\uff0c\u8bf7\u5728\u5b89\u9759\u73af\u5883\u4e0b\u8bf4\u8bdd\"},{\"reply\":\"\u5df2\u6709\u5b66\u4e60\u6570\u636e\uff0c\u8bf7\u8bf4\u91cd\u7f6e\u5b66\u4e60\u8fdb\u884c\u91cd\u7f6e\"},{\"reply\":\"\u5b66\u4e60\u6210\u529f\u8bf7\u518d\u8bf4\u4e00\u6b21\"},{\"reply\":\"\u5b66\u4e60\u5931\u8d25\uff0c\u8bf7\u91cd\u8bd5\u4e00\u6b21\"},{\"reply\":\"\u5b66\u4e60\u5b8c\u6210\"},{\"reply\":\"\u5b66\u4e60\u4e2d\u6b62\uff0c\u5df2\u9000\u51fa\"}]},{\"action\":\"clearStudy\",\"word\":\"\u91cd\u7f6e\u5b66\u4e60\",\"replys\":[{\"reply\":\"\u5b66\u4e60\u6570\u636e\u5df2\u91cd\u7f6e\"}]},{\"action\":\"clearStuCmd\",\"word\":\"\u6e05\u9664\u5b66\u4e60\u547d\u4ee4\u8bcd\",\"replys\":[{\"reply\":\"\u547d\u4ee4\u8bcd\u5b66\u4e60\u6570\u636e\u5df2\u6e05\u9664\"}]},{\"action\":\"clearStuWakeup\",\"word\":\"\u6e05\u9664\u5b66\u4e60\u5524\u9192\u8bcd\",\"replys\":[{\"reply\":\"\u5524\u9192\u8bcd\u5b66\u4e60\u6570\u636e\u5df2\u6e05\u9664\"}]},{\"action\":\"startStuWakeup\",\"word\":\"\u5f00\u59cb\u5b66\u4e60\u5524\u9192\u8bcd\",\"replys\":[]},{\"action\":\"startStuCmd\",\"word\":\"\u5f00\u59cb\u5b66\u4e60\u547d\u4ee4\u8bcd\",\"replys\":[]}]}","audio_config":"[{\"text\":\"\u64ad\u653e\u97f3\u4e50\",\"audio\":\"39846_1718863734.mp3\",\"size\":59954}]","base_id":null,"help_config":"\"\"","ext_config":"{\"timers\":[],\"ir_tags\":[]}","pin_config_ext":"","mode":1,"fail_reason":"","comm_config":""},{"id":524138,"p_id":158899,"version":"20240620002","plan_id":1,"signal":"{\"number\":\"1\",\"field\":\"far\",\"denoise\":\"0\",\"ace\":\"\"}","wakeup":"{\"wakeupSensitive\":\"middle\",\"wakeupWord\":[{\"word\":\"\u4f60\u597d\u5c0f\u5e05\",\"tips\":\"\",\"piny\":\"ni3 hao3 xiao3 shuai4\",\"score\":\"\",\"evaluate\":\"\"}],\"wakeReply\":[\"\u6211\u5728\",\"\u4f60\u8bf4\",\"\u6709\u4ec0\u4e48\u53ef\u4ee5\u5e2e\u5230\u4f60\",\"\u64ad\u653e\u97f3\u4e50\"]}","cmd":"{\"cmdSensitivity\":\"middle\",\"cmdWord\":[{\"trigger\":[\"cmd\"],\"isCMD\":true,\"action\":\"dance\",\"tips\":\"\",\"word\":\"\u8df3\u4e2a\u821e\",\"wordTips\":\"\",\"reply\":\"\u597d\u7684\",\"replyTips\":\"\"},{\"trigger\":[\"cmd\"],\"isCMD\":true,\"action\":\"music\",\"tips\":\"\",\"word\":\"\u5531\u4e2a\u6b4c\",\"wordTips\":\"\",\"reply\":\"\u64ad\u653e\u97f3\u4e50\",\"replyTips\":\"\"},{\"trigger\":[\"cmd\"],\"isCMD\":true,\"action\":\"front\",\"tips\":\"\",\"word\":\"\u524d\u8fdb\",\"wordTips\":\"\",\"reply\":\"\u6536\u5230\",\"replyTips\":\"\"},{\"trigger\":[\"cmd\"],\"isCMD\":true,\"action\":\"left\",\"tips\":\"\",\"word\":\"\u5411\u5de6\u8f6c\",\"wordTips\":\"\",\"reply\":\"\u6536\u5230\",\"replyTips\":\"\"},{\"trigger\":[\"cmd\"],\"isCMD\":true,\"word\":\"\u505c\u6b62\u821e\u8e48\",\"wordTips\":\"\",\"action\":\"stop_dance\",\"tips\":\"\",\"reply\":\"\u6536\u5230\",\"replyTips\":\"\"},{\"trigger\":[\"cmd\"],\"isCMD\":true,\"action\":\"stop_front\",\"tips\":\"\",\"word\":\"\u505c\u6b62\u524d\u8fdb\",\"wordTips\":\"\",\"reply\":\"\u6536\u5230\",\"replyTips\":\"\"},{\"trigger\":[\"cmd\"],\"isCMD\":true,\"action\":\"tempt\",\"tips\":\"\",\"word\":\"\u73b0\u5728\u6e29\u5ea6\u662f\u591a\u5c11\",\"wordTips\":\"\",\"trigTips\":\"\"},{\"trigger\":[\"cmd\"],\"isCMD\":true,\"trigTips\":\"\",\"action\":\"time\",\"tips\":\"\",\"word\":\"\u73b0\u5728\u7684\u65f6\u95f4\u662f\",\"wordTips\":\"\"},{\"trigger\":[\"gpio_in\"],\"isCMD\":false,\"trigTips\":\"\",\"action\":\"zuozi\",\"tips\":\"\"},{\"trigger\":[\"gpio_in\"],\"isCMD\":false,\"action\":\"zuozi_2\",\"tips\":\"\",\"trigTips\":\"\"}],\"cmdReply\":[],\"cmdWrong\":{\"word\":\"\",\"wordTips\":\"\"}}","acoustic_mode":null,"custom_voice":"{\"voiceType\":\"speaker\",\"speaker\":{\"id\":3,\"name\":\"\u7cd6\u7cd6\",\"name_pinyin\":\"tangtang\",\"i_img\":\"https:\/\/images.smartpi.cn\/img\/informant_img3.png\",\"i_type\":\"\u6d3b\u6cfc\u5973\u751f\",\"origin\":1,\"lang\":0},\"volume\":50,\"speed\":50,\"brightness\":50}","other_config":"{\"welcome\":\"custom\",\"text\":\"\u4f60\u597d\",\"exitTime\":10,\"timeExitReply\":[\"\u6709\u9700\u8981\u518d\u53eb\u6211\"],\"exitCmd\":[\"\u9000\u4e0b\"],\"exitReply\":[\"\u6709\u9700\u8981\u518d\u53eb\u6211\"]}","action_config":"[{\"action\":\"wakeup_uni\",\"word\":\"\u4f60\u597d\u5c0f\u5e05\",\"trigger_items\":[],\"ctrl_items\":[]},{\"action\":\"dance\",\"word\":\"\u8df3\u4e2a\u821e\",\"trigger_items\":[],\"ctrl_items\":[{\"actionType\":\"pin_out\",\"function\":\"GPIO_B1\",\"command\":\"set\",\"params\":{\"duty\":0,\"data\":\"\",\"voltage\":\"high\",\"period\":10,\"times\":1,\"var_name\":\"\",\"var_opr\":\"\",\"var_mode\":\"data\",\"var_data\":\"\",\"var_param\":\"\",\"var_var\":\"\",\"sys_type\":\"\",\"sys_opr\":\"\",\"sys_args\":{}},\"is_delayed\":\"0\",\"delayed_time\":0,\"is_flip\":\"0\",\"flip_time\":0,\"voice_content\":[{\"type\":\"text\",\"value\":\"\"}],\"is_condition\":\"0\",\"condition\":[[]],\"cond_value\":{},\"cond_right\":[{}]}]},{\"action\":\"music\",\"word\":\"\u5531\u4e2a\u6b4c\",\"trigger_items\":[],\"ctrl_items\":[]},{\"action\":\"front\",\"word\":\"\u524d\u8fdb\",\"trigger_items\":[],\"ctrl_items\":[{\"actionType\":\"pin_out\",\"function\":\"GPIO_B0\",\"command\":\"set\",\"params\":{\"duty\":0,\"data\":\"\",\"voltage\":\"high\",\"period\":10,\"times\":1,\"var_name\":\"\",\"var_opr\":\"\",\"var_mode\":\"data\",\"var_data\":\"\",\"var_param\":\"\",\"var_var\":\"\",\"sys_type\":\"\",\"sys_opr\":\"\",\"sys_args\":{}},\"is_delayed\":\"0\",\"delayed_time\":0,\"is_flip\":\"0\",\"flip_time\":0,\"voice_content\":[{\"type\":\"text\",\"value\":\"\"}],\"is_condition\":\"0\",\"condition\":[[]],\"cond_value\":{},\"cond_right\":[{}]}]},{\"action\":\"left\",\"word\":\"\u5411\u5de6\u8f6c\",\"trigger_items\":[],\"ctrl_items\":[{\"actionType\":\"pin_out\",\"function\":\"GPIO_A25\",\"command\":\"set\",\"params\":{\"duty\":0,\"data\":\"\",\"voltage\":\"high\",\"period\":10,\"times\":1,\"var_name\":\"\",\"var_opr\":\"\",\"var_mode\":\"data\",\"var_data\":\"\",\"var_param\":\"\",\"var_var\":\"\",\"sys_type\":\"\",\"sys_opr\":\"\",\"sys_args\":{}},\"is_delayed\":\"0\",\"delayed_time\":0,\"is_flip\":\"0\",\"flip_time\":0,\"voice_content\":[{\"type\":\"text\",\"value\":\"\"}],\"is_condition\":\"0\",\"condition\":[[]],\"cond_value\":{},\"cond_right\":[{}]}]},{\"action\":\"stop_dance\",\"word\":\"\u505c\u6b62\u821e\u8e48\",\"trigger_items\":[],\"ctrl_items\":[{\"actionType\":\"pin_out\",\"function\":\"GPIO_B1\",\"command\":\"set\",\"params\":{\"duty\":0,\"data\":\"\",\"voltage\":\"low\",\"period\":10,\"times\":1,\"var_name\":\"\",\"var_opr\":\"\",\"var_mode\":\"data\",\"var_data\":\"\",\"var_param\":\"\",\"var_var\":\"\",\"sys_type\":\"\",\"sys_opr\":\"\",\"sys_args\":{}},\"is_delayed\":\"0\",\"delayed_time\":0,\"is_flip\":\"0\",\"flip_time\":0,\"voice_content\":[{\"type\":\"text\",\"value\":\"\"}],\"is_condition\":\"0\",\"condition\":[[]],\"cond_value\":{},\"cond_right\":[{}]}]},{\"action\":\"stop_front\",\"word\":\"\u505c\u6b62\u524d\u8fdb\",\"trigger_items\":[],\"ctrl_items\":[{\"actionType\":\"pin_out\",\"function\":\"GPIO_B0\",\"command\":\"set\",\"params\":{\"duty\":0,\"data\":\"\",\"voltage\":\"low\",\"period\":10,\"times\":1,\"var_name\":\"\",\"var_opr\":\"\",\"var_mode\":\"data\",\"var_data\":\"\",\"var_param\":\"\",\"var_var\":\"\",\"sys_type\":\"\",\"sys_opr\":\"\",\"sys_args\":{}},\"is_delayed\":\"0\",\"delayed_time\":0,\"is_flip\":\"0\",\"flip_time\":0,\"voice_content\":[{\"type\":\"text\",\"value\":\"\"}],\"is_condition\":\"0\",\"condition\":[[]],\"cond_value\":{},\"cond_right\":[{}]}]},{\"action\":\"tempt\",\"word\":\"\u73b0\u5728\u6e29\u5ea6\u662f\u591a\u5c11\",\"trigger_items\":[],\"ctrl_items\":[{\"actionType\":\"play\",\"function\":\"\",\"command\":\"\",\"params\":{\"duty\":0,\"data\":\"\",\"voltage\":\"\",\"period\":10,\"times\":1,\"var_name\":\"\",\"var_opr\":\"\",\"var_mode\":\"data\",\"var_data\":\"\",\"var_param\":\"\",\"var_var\":\"\",\"sys_type\":\"\",\"sys_opr\":\"\",\"sys_args\":{}},\"is_delayed\":\"0\",\"delayed_time\":\"\",\"is_flip\":\"0\",\"flip_time\":\"\",\"voice_content\":[{\"type\":\"text\",\"value\":\"\u73b0\u5728\u7684\u6e29\u5ea6\u662fa\u6444\u6c0f\u5ea6\",\"textTips\":\"\"},{\"type\":\"var\",\"value\":\"a\"}],\"is_condition\":\"0\",\"condition\":[[]],\"cond_value\":{},\"cond_right\":[{}]}]},{\"action\":\"time\",\"word\":\"\u73b0\u5728\u7684\u65f6\u95f4\u662f\",\"trigger_items\":[],\"ctrl_items\":[{\"actionType\":\"play\",\"function\":\"\",\"command\":\"\",\"params\":{\"duty\":0,\"data\":\"\",\"voltage\":\"\",\"period\":10,\"times\":1,\"var_name\":\"\",\"var_opr\":\"\",\"var_mode\":\"data\",\"var_data\":\"\",\"var_param\":\"\",\"var_var\":\"\",\"sys_type\":\"\",\"sys_opr\":\"\",\"sys_args\":{}},\"is_delayed\":\"0\",\"delayed_time\":\"\",\"is_flip\":\"0\",\"flip_time\":\"\",\"voice_content\":[{\"type\":\"text\",\"value\":\"\u73b0\u5728\u7684\u65f6\u95f4\u662ftime\",\"textTips\":\"\"},{\"type\":\"var\",\"value\":\"time\"}],\"is_condition\":\"0\",\"condition\":[[]],\"cond_value\":{},\"cond_right\":[{}]}]},{\"action\":\"zuozi\",\"word\":\"\",\"trigger_items\":[{\"triggerType\":\"gpio_in\",\"params\":{\"cmdWord\":\"\",\"condition\":[[]],\"cond_value\":{},\"cond_right\":[{}],\"gpio_in\":[[\"GPIO_A26\",\"high\"]],\"uart_in\":{\"portName\":\"\",\"param\":[]},\"adc_in\":[{}],\"pulse_in\":{},\"event_in\":{\"event_trigger\":[]}}}],\"ctrl_items\":[{\"actionType\":\"play\",\"function\":\"\",\"command\":\"\",\"params\":{\"duty\":0,\"data\":\"\",\"voltage\":\"\",\"period\":10,\"times\":1,\"var_name\":\"\",\"var_opr\":\"\",\"var_mode\":\"data\",\"var_data\":\"\",\"var_param\":\"\",\"var_var\":\"\",\"sys_type\":\"\",\"sys_opr\":\"\",\"sys_args\":{}},\"is_delayed\":\"0\",\"delayed_time\":\"\",\"is_flip\":\"0\",\"flip_time\":\"\",\"voice_content\":[{\"type\":\"text\",\"value\":\"\u5750\u59ff\u4e0d\u7aef\u6b63\uff0c\u8bf7\u4fee\u6539\u5750\u59ff\",\"textTips\":\"\"}],\"is_condition\":\"0\",\"condition\":[[]],\"cond_value\":{},\"cond_right\":[{}]}]},{\"action\":\"zuozi_2\",\"word\":\"\",\"trigger_items\":[{\"triggerType\":\"gpio_in\",\"params\":{\"cmdWord\":\"\",\"condition\":[[]],\"cond_value\":{},\"cond_right\":[{}],\"gpio_in\":[[\"GPIO_A26\",\"low\"]],\"uart_in\":{\"portName\":\"\",\"param\":[]},\"adc_in\":[{}],\"pulse_in\":{},\"event_in\":{\"event_trigger\":[]}}}],\"ctrl_items\":[]}]","pin_config":"[{\"pin\":1,\"function\":\"GPIO_B0\",\"params\":{\"def_voltage\":\"low\",\"baud_rate\":9600,\"data_bits\":8,\"stop_bits\":1,\"parity_bits\":\"none\",\"frequency\":2000,\"reverse_voltage\":\"disable\",\"mode\":\"out\",\"adc_range\":100,\"pulse_range\":100,\"frequency_soft\":100,\"reverse_voltage_soft\":\"disable\",\"default_function\":\"\"},\"memory\":\"0\"},{\"pin\":2,\"function\":\"GPIO_B1\",\"params\":{\"def_voltage\":\"low\",\"frequency\":2000,\"reverse_voltage\":\"disable\",\"mode\":\"out\",\"pulse_range\":100,\"frequency_soft\":100,\"reverse_voltage_soft\":\"disable\",\"rx_mode\":\"0\",\"rx_head\":\"AA 55\",\"rx_foot\":\"55 AA\",\"default_function\":\"\"},\"memory\":\"0\"},{\"pin\":\"3\",\"function\":\"GPIO_A25\",\"params\":{\"def_voltage\":\"low\",\"mode\":\"out\",\"adc_range\":100,\"pulse_range\":100,\"frequency_soft\":100,\"reverse_voltage_soft\":\"disable\",\"default_function\":\"\"},\"memory\":\"0\"},{\"pin\":\"4\",\"function\":\"GPIO_A26\",\"params\":{\"def_voltage\":\"low\",\"mode\":\"in\",\"adc_range\":100,\"pulse_range\":100,\"frequency_soft\":100,\"reverse_voltage_soft\":\"disable\",\"default_function\":\"\"},\"memory\":\"0\"},{\"pin\":\"5\",\"function\":\"GPIO_A27\",\"params\":{\"def_voltage\":\"low\",\"frequency\":2000,\"reverse_voltage\":\"disable\",\"mode\":\"out\",\"adc_range\":100,\"pulse_range\":100,\"frequency_soft\":100,\"reverse_voltage_soft\":\"disable\",\"default_function\":\"\"},\"memory\":\"0\"},{\"pin\":\"6\",\"function\":\"GPIO_A28\",\"params\":{\"def_voltage\":\"low\",\"frequency\":2000,\"reverse_voltage\":\"disable\",\"mode\":\"out\",\"pulse_range\":100,\"frequency_soft\":100,\"reverse_voltage_soft\":\"disable\",\"default_function\":\"\"},\"memory\":\"0\"},{\"pin\":\"7\",\"function\":\"UART1_RX\",\"params\":{\"def_voltage\":\"low\",\"mode\":\"out\",\"pulse_range\":100,\"frequency_soft\":100,\"reverse_voltage_soft\":\"disable\",\"rx_mode\":\"0\",\"rx_head\":\"AA 55\",\"rx_foot\":\"55 AA\",\"default_function\":\"\"},\"memory\":\"0\"},{\"pin\":\"8\",\"function\":\"UART1_TX\",\"params\":{\"def_voltage\":\"low\",\"baud_rate\":115200,\"data_bits\":8,\"stop_bits\":1,\"parity_bits\":\"none\",\"mode\":\"out\",\"pulse_range\":100,\"frequency_soft\":100,\"reverse_voltage_soft\":\"disable\",\"default_function\":\"\"},\"memory\":\"0\"},{\"pin\":\"9\",\"function\":\"GPIO_B8\",\"params\":{\"def_voltage\":\"low\",\"frequency\":2000,\"reverse_voltage\":\"disable\",\"mode\":\"out\",\"pulse_range\":100,\"frequency_soft\":100,\"reverse_voltage_soft\":\"disable\",\"default_function\":\"\"},\"memory\":\"0\"},{\"pin\":\"21\",\"function\":\"GPIO_B2\",\"params\":{\"def_voltage\":\"low\",\"baud_rate\":9600,\"data_bits\":8,\"stop_bits\":1,\"parity_bits\":\"none\",\"frequency\":2000,\"reverse_voltage\":\"disable\",\"mode\":\"out\",\"pulse_range\":100,\"frequency_soft\":100,\"reverse_voltage_soft\":\"disable\",\"default_function\":\"\"},\"memory\":\"0\"},{\"pin\":\"22\",\"function\":\"GPIO_B3\",\"params\":{\"def_voltage\":\"low\",\"frequency\":2000,\"reverse_voltage\":\"disable\",\"mode\":\"out\",\"pulse_range\":100,\"frequency_soft\":100,\"reverse_voltage_soft\":\"disable\",\"rx_mode\":\"0\",\"rx_head\":\"AA 55\",\"rx_foot\":\"55 AA\",\"default_function\":\"\"},\"memory\":\"0\"}]","create_time":1718890341,"status":2,"appkey":"le7vioda7p6otiw4mwjtut4xgsrssqlghqmn62al","secret":"473bf1c6a9a3d83b5098bd481d11efc3","create_sdk_time":1718890572,"sign":"087E8DCEC285827A4EDD4388211D08E632FD6E1934B4DCDD8D97B4FEFF161A0D","download_url":"https:\/\/unios-sdk.oss-cn-beijing.aliyuncs.com\/sdk\/le7vioda7p6otiw4mwjtut4xgsrssqlghqmn62al\/rtt_hb_m_online\/uni_hb_m_solution-164674-20240620.tar.gz","down_file":null,"version_describe":"\u7ee7\u627f\u7248\u672c","optimize_config":"[]","var_config":"[{\"name\":\"a\",\"type\":\"int\",\"def_val\":0,\"memory\":\"0\",\"remark\":\"\",\"name_tips\":\"\"},{\"name\":\"time\",\"type\":\"char\",\"def_val\":20,\"memory\":\"0\",\"remark\":\"\",\"name_tips\":\"\"}]","study_config":"{\"open\":\"0\",\"success_count\":\"3\",\"fail_count\":\"5\",\"one_mode\":\"1\",\"actions\":[{\"action\":\"startStudy\",\"word\":\"\u5f00\u59cb\u5b66\u4e60\",\"replys\":[{\"reply\":\"\u5f00\u59cb\u5b66\u4e60\u5524\u9192\u8bcd\uff0c\u8bf7\u5728\u5b89\u9759\u73af\u5883\u4e0b\u8bf4\u8bdd\"},{\"reply\":\"\u5df2\u6709\u5b66\u4e60\u6570\u636e\uff0c\u8bf7\u8bf4\u91cd\u7f6e\u5b66\u4e60\u8fdb\u884c\u91cd\u7f6e\"},{\"reply\":\"\u5b66\u4e60\u6210\u529f\u8bf7\u518d\u8bf4\u4e00\u6b21\"},{\"reply\":\"\u5b66\u4e60\u5931\u8d25\uff0c\u8bf7\u91cd\u8bd5\u4e00\u6b21\"},{\"reply\":\"\u5b66\u4e60\u5b8c\u6210\"},{\"reply\":\"\u5b66\u4e60\u4e2d\u6b62\uff0c\u5df2\u9000\u51fa\"}]},{\"action\":\"clearStudy\",\"word\":\"\u91cd\u7f6e\u5b66\u4e60\",\"replys\":[{\"reply\":\"\u5b66\u4e60\u6570\u636e\u5df2\u91cd\u7f6e\"}]},{\"action\":\"clearStuCmd\",\"word\":\"\u6e05\u9664\u5b66\u4e60\u547d\u4ee4\u8bcd\",\"replys\":[{\"reply\":\"\u547d\u4ee4\u8bcd\u5b66\u4e60\u6570\u636e\u5df2\u6e05\u9664\"}]},{\"action\":\"clearStuWakeup\",\"word\":\"\u6e05\u9664\u5b66\u4e60\u5524\u9192\u8bcd\",\"replys\":[{\"reply\":\"\u5524\u9192\u8bcd\u5b66\u4e60\u6570\u636e\u5df2\u6e05\u9664\"}]},{\"action\":\"startStuWakeup\",\"word\":\"\u5f00\u59cb\u5b66\u4e60\u5524\u9192\u8bcd\",\"replys\":[]},{\"action\":\"startStuCmd\",\"word\":\"\u5f00\u59cb\u5b66\u4e60\u547d\u4ee4\u8bcd\",\"replys\":[]}]}","audio_config":"[{\"text\":\"\u64ad\u653e\u97f3\u4e50\",\"audio\":\"39846_1718863734.mp3\",\"size\":59954}]","base_id":523596,"help_config":"\"\"","ext_config":"{\"timers\":[],\"ir_tags\":[]}","pin_config_ext":"null","mode":1,"fail_reason":"","comm_config":"null"},{"id":525155,"p_id":158899,"version":"20240622001","plan_id":1,"signal":"{\"number\":\"1\",\"field\":\"far\",\"denoise\":\"0\",\"ace\":\"\"}","wakeup":"{\"wakeupSensitive\":\"middle\",\"wakeupWord\":[{\"word\":\"\u4f60\u597d\u5c0f\u5e05\",\"tips\":\"\",\"piny\":\"ni3 hao3 xiao3 shuai4\",\"score\":\"\",\"evaluate\":\"\"}],\"wakeReply\":[\"\u6211\u5728\",\"\u4f60\u8bf4\",\"\u6709\u4ec0\u4e48\u53ef\u4ee5\u5e2e\u5230\u4f60\"]}","cmd":"{\"cmdSensitivity\":\"middle\",\"cmdWord\":[{\"trigger\":[\"cmd\"],\"isCMD\":true,\"action\":\"dance\",\"tips\":\"\",\"word\":\"\u8df3\u4e2a\u821e\",\"wordTips\":\"\",\"reply\":\"\u597d\u7684\",\"replyTips\":\"\"},{\"trigger\":[\"cmd\"],\"isCMD\":true,\"action\":\"music\",\"tips\":\"\",\"word\":\"\u5531\u4e2a\u6b4c\",\"wordTips\":\"\",\"reply\":\"\u64ad\u653e\u97f3\u4e50\",\"replyTips\":\"\"},{\"trigger\":[\"cmd\"],\"isCMD\":true,\"action\":\"front\",\"tips\":\"\",\"word\":\"\u524d\u8fdb\",\"wordTips\":\"\",\"reply\":\"\u6536\u5230\",\"replyTips\":\"\"},{\"trigger\":[\"cmd\"],\"isCMD\":true,\"action\":\"left\",\"tips\":\"\",\"word\":\"\u5411\u5de6\u8f6c\",\"wordTips\":\"\",\"reply\":\"\u6536\u5230\",\"replyTips\":\"\"},{\"trigger\":[\"cmd\"],\"isCMD\":true,\"word\":\"\u505c\u6b62\u821e\u8e48\",\"wordTips\":\"\",\"action\":\"stop_dance\",\"tips\":\"\",\"reply\":\"\u6536\u5230\",\"replyTips\":\"\"},{\"trigger\":[\"cmd\"],\"isCMD\":true,\"action\":\"stop_front\",\"tips\":\"\",\"word\":\"\u505c\u6b62\u524d\u8fdb\",\"wordTips\":\"\",\"reply\":\"\u6536\u5230\",\"replyTips\":\"\"},{\"trigger\":[\"cmd\"],\"isCMD\":true,\"action\":\"tempt\",\"tips\":\"\",\"word\":\"\u73b0\u5728\u6e29\u5ea6\u662f\u591a\u5c11\",\"wordTips\":\"\",\"trigTips\":\"\"},{\"trigger\":[\"cmd\"],\"isCMD\":true,\"trigTips\":\"\",\"action\":\"time\",\"tips\":\"\",\"word\":\"\u73b0\u5728\u7684\u65f6\u95f4\u662f\",\"wordTips\":\"\"},{\"trigger\":[\"gpio_in\"],\"isCMD\":false,\"trigTips\":\"\",\"action\":\"zuozi\",\"tips\":\"\"},{\"trigger\":[\"gpio_in\"],\"isCMD\":false,\"action\":\"zuozi_2\",\"tips\":\"\",\"trigTips\":\"\"}],\"cmdReply\":[],\"cmdWrong\":{\"word\":\"\",\"wordTips\":\"\"}}","acoustic_mode":null,"custom_voice":"{\"voiceType\":\"speaker\",\"speaker\":{\"id\":3,\"name\":\"\u7cd6\u7cd6\",\"name_pinyin\":\"tangtang\",\"i_img\":\"https:\/\/images.smartpi.cn\/img\/informant_img3.png\",\"i_type\":\"\u6d3b\u6cfc\u5973\u751f\",\"origin\":1,\"lang\":0},\"volume\":50,\"speed\":50,\"brightness\":50}","other_config":"{\"welcome\":\"custom\",\"text\":\"\u4f60\u597d\",\"exitTime\":10,\"timeExitReply\":[\"\u6709\u9700\u8981\u518d\u53eb\u6211\"],\"exitCmd\":[\"\u9000\u4e0b\"],\"exitReply\":[\"\u6709\u9700\u8981\u518d\u53eb\u6211\"]}","action_config":"[{\"action\":\"wakeup_uni\",\"word\":\"\u4f60\u597d\u5c0f\u5e05\",\"trigger_items\":[],\"ctrl_items\":[]},{\"action\":\"dance\",\"word\":\"\u8df3\u4e2a\u821e\",\"trigger_items\":[],\"ctrl_items\":[{\"actionType\":\"pin_out\",\"function\":\"GPIO_B1\",\"command\":\"set\",\"params\":{\"duty\":0,\"data\":\"\",\"voltage\":\"high\",\"period\":10,\"times\":1,\"var_name\":\"\",\"var_opr\":\"\",\"var_mode\":\"data\",\"var_data\":\"\",\"var_param\":\"\",\"var_var\":\"\",\"sys_type\":\"\",\"sys_opr\":\"\",\"sys_args\":{}},\"is_delayed\":\"0\",\"delayed_time\":0,\"is_flip\":\"0\",\"flip_time\":0,\"voice_content\":[{\"type\":\"text\",\"value\":\"\"}],\"is_condition\":\"0\",\"condition\":[[]],\"cond_value\":{},\"cond_right\":[{}]}]},{\"action\":\"music\",\"word\":\"\u5531\u4e2a\u6b4c\",\"trigger_items\":[],\"ctrl_items\":[]},{\"action\":\"front\",\"word\":\"\u524d\u8fdb\",\"trigger_items\":[],\"ctrl_items\":[{\"actionType\":\"pin_out\",\"function\":\"GPIO_B0\",\"command\":\"set\",\"params\":{\"duty\":0,\"data\":\"\",\"voltage\":\"high\",\"period\":10,\"times\":1,\"var_name\":\"\",\"var_opr\":\"\",\"var_mode\":\"data\",\"var_data\":\"\",\"var_param\":\"\",\"var_var\":\"\",\"sys_type\":\"\",\"sys_opr\":\"\",\"sys_args\":{}},\"is_delayed\":\"0\",\"delayed_time\":0,\"is_flip\":\"0\",\"flip_time\":0,\"voice_content\":[{\"type\":\"text\",\"value\":\"\"}],\"is_condition\":\"0\",\"condition\":[[]],\"cond_value\":{},\"cond_right\":[{}]}]},{\"action\":\"left\",\"word\":\"\u5411\u5de6\u8f6c\",\"trigger_items\":[],\"ctrl_items\":[{\"actionType\":\"pin_out\",\"function\":\"GPIO_A25\",\"command\":\"set\",\"params\":{\"duty\":0,\"data\":\"\",\"voltage\":\"high\",\"period\":10,\"times\":1,\"var_name\":\"\",\"var_opr\":\"\",\"var_mode\":\"data\",\"var_data\":\"\",\"var_param\":\"\",\"var_var\":\"\",\"sys_type\":\"\",\"sys_opr\":\"\",\"sys_args\":{}},\"is_delayed\":\"0\",\"delayed_time\":0,\"is_flip\":\"0\",\"flip_time\":0,\"voice_content\":[{\"type\":\"text\",\"value\":\"\"}],\"is_condition\":\"0\",\"condition\":[[]],\"cond_value\":{},\"cond_right\":[{}]}]},{\"action\":\"stop_dance\",\"word\":\"\u505c\u6b62\u821e\u8e48\",\"trigger_items\":[],\"ctrl_items\":[{\"actionType\":\"pin_out\",\"function\":\"GPIO_B1\",\"command\":\"set\",\"params\":{\"duty\":0,\"data\":\"\",\"voltage\":\"low\",\"period\":10,\"times\":1,\"var_name\":\"\",\"var_opr\":\"\",\"var_mode\":\"data\",\"var_data\":\"\",\"var_param\":\"\",\"var_var\":\"\",\"sys_type\":\"\",\"sys_opr\":\"\",\"sys_args\":{}},\"is_delayed\":\"0\",\"delayed_time\":0,\"is_flip\":\"0\",\"flip_time\":0,\"voice_content\":[{\"type\":\"text\",\"value\":\"\"}],\"is_condition\":\"0\",\"condition\":[[]],\"cond_value\":{},\"cond_right\":[{}]}]},{\"action\":\"stop_front\",\"word\":\"\u505c\u6b62\u524d\u8fdb\",\"trigger_items\":[],\"ctrl_items\":[{\"actionType\":\"pin_out\",\"function\":\"GPIO_B0\",\"command\":\"set\",\"params\":{\"duty\":0,\"data\":\"\",\"voltage\":\"low\",\"period\":10,\"times\":1,\"var_name\":\"\",\"var_opr\":\"\",\"var_mode\":\"data\",\"var_data\":\"\",\"var_param\":\"\",\"var_var\":\"\",\"sys_type\":\"\",\"sys_opr\":\"\",\"sys_args\":{}},\"is_delayed\":\"0\",\"delayed_time\":0,\"is_flip\":\"0\",\"flip_time\":0,\"voice_content\":[{\"type\":\"text\",\"value\":\"\"}],\"is_condition\":\"0\",\"condition\":[[]],\"cond_value\":{},\"cond_right\":[{}]}]},{\"action\":\"tempt\",\"word\":\"\u73b0\u5728\u6e29\u5ea6\u662f\u591a\u5c11\",\"trigger_items\":[],\"ctrl_items\":[{\"actionType\":\"play\",\"function\":\"\",\"command\":\"\",\"params\":{\"duty\":0,\"data\":\"\",\"voltage\":\"\",\"period\":10,\"times\":1,\"var_name\":\"\",\"var_opr\":\"\",\"var_mode\":\"data\",\"var_data\":\"\",\"var_param\":\"\",\"var_var\":\"\",\"sys_type\":\"\",\"sys_opr\":\"\",\"sys_args\":{}},\"is_delayed\":\"0\",\"delayed_time\":\"\",\"is_flip\":\"0\",\"flip_time\":\"\",\"voice_content\":[{\"type\":\"text\",\"value\":\"\u73b0\u5728\u7684\u6e29\u5ea6\u662fa\u6444\u6c0f\u5ea6\",\"textTips\":\"\"},{\"type\":\"var\",\"value\":\"a\"}],\"is_condition\":\"0\",\"condition\":[[]],\"cond_value\":{},\"cond_right\":[{}]}]},{\"action\":\"time\",\"word\":\"\u73b0\u5728\u7684\u65f6\u95f4\u662f\",\"trigger_items\":[],\"ctrl_items\":[{\"actionType\":\"play\",\"function\":\"\",\"command\":\"\",\"params\":{\"duty\":0,\"data\":\"\",\"voltage\":\"\",\"period\":10,\"times\":1,\"var_name\":\"\",\"var_opr\":\"\",\"var_mode\":\"data\",\"var_data\":\"\",\"var_param\":\"\",\"var_var\":\"\",\"sys_type\":\"\",\"sys_opr\":\"\",\"sys_args\":{}},\"is_delayed\":\"0\",\"delayed_time\":\"\",\"is_flip\":\"0\",\"flip_time\":\"\",\"voice_content\":[{\"type\":\"text\",\"value\":\"\u73b0\u5728\u7684\u65f6\u95f4\u662ftime\",\"textTips\":\"\"},{\"type\":\"var\",\"value\":\"time\"}],\"is_condition\":\"0\",\"condition\":[[]],\"cond_value\":{},\"cond_right\":[{}]}]},{\"action\":\"zuozi\",\"word\":\"\",\"trigger_items\":[{\"triggerType\":\"gpio_in\",\"params\":{\"cmdWord\":\"\",\"condition\":[[]],\"cond_value\":{},\"cond_right\":[{}],\"gpio_in\":[[\"GPIO_A26\",\"high\"]],\"uart_in\":{\"portName\":\"\",\"param\":[]},\"adc_in\":[{}],\"pulse_in\":{},\"event_in\":{\"event_trigger\":[]}}}],\"ctrl_items\":[{\"actionType\":\"play\",\"function\":\"\",\"command\":\"\",\"params\":{\"duty\":0,\"data\":\"\",\"voltage\":\"\",\"period\":10,\"times\":1,\"var_name\":\"\",\"var_opr\":\"\",\"var_mode\":\"data\",\"var_data\":\"\",\"var_param\":\"\",\"var_var\":\"\",\"sys_type\":\"\",\"sys_opr\":\"\",\"sys_args\":{}},\"is_delayed\":\"0\",\"delayed_time\":\"\",\"is_flip\":\"0\",\"flip_time\":\"\",\"voice_content\":[{\"type\":\"text\",\"value\":\"\u5750\u59ff\u4e0d\u7aef\u6b63\uff0c\u8bf7\u4fee\u6539\u5750\u59ff\",\"textTips\":\"\"}],\"is_condition\":\"0\",\"condition\":[[]],\"cond_value\":{},\"cond_right\":[{}]}]},{\"action\":\"zuozi_2\",\"word\":\"\",\"trigger_items\":[{\"triggerType\":\"gpio_in\",\"params\":{\"cmdWord\":\"\",\"condition\":[[]],\"cond_value\":{},\"cond_right\":[{}],\"gpio_in\":[[\"GPIO_A26\",\"low\"]],\"uart_in\":{\"portName\":\"\",\"param\":[]},\"adc_in\":[{}],\"pulse_in\":{},\"event_in\":{\"event_trigger\":[]}}}],\"ctrl_items\":[]}]","pin_config":"[{\"pin\":1,\"function\":\"GPIO_B0\",\"params\":{\"def_voltage\":\"low\",\"baud_rate\":9600,\"data_bits\":8,\"stop_bits\":1,\"parity_bits\":\"none\",\"frequency\":2000,\"reverse_voltage\":\"disable\",\"mode\":\"out\",\"adc_range\":100,\"pulse_range\":100,\"frequency_soft\":100,\"reverse_voltage_soft\":\"disable\",\"default_function\":\"\"},\"memory\":\"0\"},{\"pin\":2,\"function\":\"GPIO_B1\",\"params\":{\"def_voltage\":\"low\",\"frequency\":2000,\"reverse_voltage\":\"disable\",\"mode\":\"out\",\"pulse_range\":100,\"frequency_soft\":100,\"reverse_voltage_soft\":\"disable\",\"rx_mode\":\"0\",\"rx_head\":\"AA 55\",\"rx_foot\":\"55 AA\",\"default_function\":\"\"},\"memory\":\"0\"},{\"pin\":\"3\",\"function\":\"GPIO_A25\",\"params\":{\"def_voltage\":\"low\",\"mode\":\"out\",\"adc_range\":100,\"pulse_range\":100,\"frequency_soft\":100,\"reverse_voltage_soft\":\"disable\",\"default_function\":\"\"},\"memory\":\"0\"},{\"pin\":\"4\",\"function\":\"GPIO_A26\",\"params\":{\"def_voltage\":\"low\",\"mode\":\"in\",\"adc_range\":100,\"pulse_range\":100,\"frequency_soft\":100,\"reverse_voltage_soft\":\"disable\",\"default_function\":\"\"},\"memory\":\"0\"},{\"pin\":\"5\",\"function\":\"GPIO_A27\",\"params\":{\"def_voltage\":\"low\",\"frequency\":2000,\"reverse_voltage\":\"disable\",\"mode\":\"out\",\"adc_range\":100,\"pulse_range\":100,\"frequency_soft\":100,\"reverse_voltage_soft\":\"disable\",\"default_function\":\"\"},\"memory\":\"0\"},{\"pin\":\"6\",\"function\":\"GPIO_A28\",\"params\":{\"def_voltage\":\"low\",\"frequency\":2000,\"reverse_voltage\":\"disable\",\"mode\":\"out\",\"pulse_range\":100,\"frequency_soft\":100,\"reverse_voltage_soft\":\"disable\",\"default_function\":\"\"},\"memory\":\"0\"},{\"pin\":\"7\",\"function\":\"UART1_RX\",\"params\":{\"def_voltage\":\"low\",\"mode\":\"out\",\"pulse_range\":100,\"frequency_soft\":100,\"reverse_voltage_soft\":\"disable\",\"rx_mode\":\"0\",\"rx_head\":\"AA 55\",\"rx_foot\":\"55 AA\",\"default_function\":\"\"},\"memory\":\"0\"},{\"pin\":\"8\",\"function\":\"UART1_TX\",\"params\":{\"def_voltage\":\"low\",\"baud_rate\":115200,\"data_bits\":8,\"stop_bits\":1,\"parity_bits\":\"none\",\"mode\":\"out\",\"pulse_range\":100,\"frequency_soft\":100,\"reverse_voltage_soft\":\"disable\",\"default_function\":\"\"},\"memory\":\"0\"},{\"pin\":\"9\",\"function\":\"GPIO_B8\",\"params\":{\"def_voltage\":\"low\",\"frequency\":2000,\"reverse_voltage\":\"disable\",\"mode\":\"out\",\"pulse_range\":100,\"frequency_soft\":100,\"reverse_voltage_soft\":\"disable\",\"default_function\":\"\"},\"memory\":\"0\"},{\"pin\":\"21\",\"function\":\"GPIO_B2\",\"params\":{\"def_voltage\":\"low\",\"baud_rate\":9600,\"data_bits\":8,\"stop_bits\":1,\"parity_bits\":\"none\",\"frequency\":2000,\"reverse_voltage\":\"disable\",\"mode\":\"out\",\"pulse_range\":100,\"frequency_soft\":100,\"reverse_voltage_soft\":\"disable\",\"default_function\":\"\"},\"memory\":\"0\"},{\"pin\":\"22\",\"function\":\"GPIO_B3\",\"params\":{\"def_voltage\":\"low\",\"frequency\":2000,\"reverse_voltage\":\"disable\",\"mode\":\"out\",\"pulse_range\":100,\"frequency_soft\":100,\"reverse_voltage_soft\":\"disable\",\"rx_mode\":\"0\",\"rx_head\":\"AA 55\",\"rx_foot\":\"55 AA\",\"default_function\":\"\"},\"memory\":\"0\"}]","create_time":1719063723,"status":2,"appkey":"6lylcqhrulyttisgu62kmqrcymdypm7vwy4grbav","secret":"638ede14fe294bd60f038903bd6bd768","create_sdk_time":1719063738,"sign":"1F361373097EC120735D2B31AA29607427E3BEE62FA4B0E93A7FBE287838E954","download_url":"https:\/\/unios-sdk.oss-cn-beijing.aliyuncs.com\/sdk\/6lylcqhrulyttisgu62kmqrcymdypm7vwy4grbav\/rtt_hb_m_online\/uni_hb_m_solution-164954-20240622.tar.gz","down_file":null,"version_describe":"\u7ee7\u627f\u7248\u672c","optimize_config":"[]","var_config":"[{\"name\":\"a\",\"type\":\"int\",\"def_val\":0,\"memory\":\"0\",\"remark\":\"\",\"name_tips\":\"\"},{\"name\":\"time\",\"type\":\"char\",\"def_val\":20,\"memory\":\"0\",\"remark\":\"\",\"name_tips\":\"\"}]","study_config":"{\"open\":\"0\",\"success_count\":\"3\",\"fail_count\":\"5\",\"one_mode\":\"1\",\"actions\":[{\"action\":\"startStudy\",\"word\":\"\u5f00\u59cb\u5b66\u4e60\",\"replys\":[{\"reply\":\"\u5f00\u59cb\u5b66\u4e60\u5524\u9192\u8bcd\uff0c\u8bf7\u5728\u5b89\u9759\u73af\u5883\u4e0b\u8bf4\u8bdd\"},{\"reply\":\"\u5df2\u6709\u5b66\u4e60\u6570\u636e\uff0c\u8bf7\u8bf4\u91cd\u7f6e\u5b66\u4e60\u8fdb\u884c\u91cd\u7f6e\"},{\"reply\":\"\u5b66\u4e60\u6210\u529f\u8bf7\u518d\u8bf4\u4e00\u6b21\"},{\"reply\":\"\u5b66\u4e60\u5931\u8d25\uff0c\u8bf7\u91cd\u8bd5\u4e00\u6b21\"},{\"reply\":\"\u5b66\u4e60\u5b8c\u6210\"},{\"reply\":\"\u5b66\u4e60\u4e2d\u6b62\uff0c\u5df2\u9000\u51fa\"}]},{\"action\":\"clearStudy\",\"word\":\"\u91cd\u7f6e\u5b66\u4e60\",\"replys\":[{\"reply\":\"\u5b66\u4e60\u6570\u636e\u5df2\u91cd\u7f6e\"}]},{\"action\":\"clearStuCmd\",\"word\":\"\u6e05\u9664\u5b66\u4e60\u547d\u4ee4\u8bcd\",\"replys\":[{\"reply\":\"\u547d\u4ee4\u8bcd\u5b66\u4e60\u6570\u636e\u5df2\u6e05\u9664\"}]},{\"action\":\"clearStuWakeup\",\"word\":\"\u6e05\u9664\u5b66\u4e60\u5524\u9192\u8bcd\",\"replys\":[{\"reply\":\"\u5524\u9192\u8bcd\u5b66\u4e60\u6570\u636e\u5df2\u6e05\u9664\"}]},{\"action\":\"startStuWakeup\",\"word\":\"\u5f00\u59cb\u5b66\u4e60\u5524\u9192\u8bcd\",\"replys\":[]},{\"action\":\"startStuCmd\",\"word\":\"\u5f00\u59cb\u5b66\u4e60\u547d\u4ee4\u8bcd\",\"replys\":[]}]}","audio_config":"[{\"text\":\"\u64ad\u653e\u97f3\u4e50\",\"audio\":\"39846_1718863734.mp3\",\"size\":59954}]","base_id":524138,"help_config":"\"\"","ext_config":"{\"timers\":[],\"ir_tags\":[]}","pin_config_ext":null,"mode":1,"fail_reason":"","comm_config":null},{"id":534156,"p_id":158899,"version":"20240705001","plan_id":1,"signal":"{\"number\":\"1\",\"field\":\"far\",\"denoise\":\"0\",\"ace\":\"\"}","wakeup":"{\"wakeupSensitive\":\"middle\",\"wakeupWord\":[{\"word\":\"\u4f60\u597d\u5c0f\u5e05\",\"tips\":\"\",\"piny\":\"ni3 hao3 xiao3 shuai4\",\"score\":\"\",\"evaluate\":\"\"}],\"wakeReply\":[\"\u6211\u5728\",\"\u4f60\u8bf4\",\"\u6709\u4ec0\u4e48\u53ef\u4ee5\u5e2e\u5230\u4f60\"]}","cmd":"{\"cmdSensitivity\":\"middle\",\"cmdWord\":[{\"trigger\":[\"cmd\"],\"isCMD\":true,\"action\":\"music\",\"tips\":\"\",\"word\":\"\u5531\u4e2a\u6b4c\",\"wordTips\":\"\",\"reply\":\"\u64ad\u653e\u97f3\u4e50\",\"replyTips\":\"\"},{\"trigger\":[\"cmd\"],\"isCMD\":true,\"action\":\"front\",\"tips\":\"\",\"word\":\"\u524d\u8fdb\",\"wordTips\":\"\",\"reply\":\"\u6536\u5230\",\"replyTips\":\"\"},{\"trigger\":[\"cmd\"],\"isCMD\":true,\"action\":\"left\",\"tips\":\"\",\"word\":\"\u5411\u5de6\u8f6c\",\"wordTips\":\"\",\"reply\":\"\u6536\u5230\",\"replyTips\":\"\"},{\"trigger\":[\"cmd\"],\"isCMD\":true,\"word\":\"\u505c\u6b62\u821e\u8e48\",\"wordTips\":\"\",\"action\":\"stop_dance\",\"tips\":\"\",\"reply\":\"\u6536\u5230\",\"replyTips\":\"\"},{\"trigger\":[\"cmd\"],\"isCMD\":true,\"action\":\"stop_front\",\"tips\":\"\",\"word\":\"\u505c\u6b62\u524d\u8fdb\",\"wordTips\":\"\",\"reply\":\"\u6536\u5230\",\"replyTips\":\"\"},{\"trigger\":[\"gpio_in\"],\"isCMD\":false,\"trigTips\":\"\",\"action\":\"zuozi\",\"tips\":\"\"},{\"trigger\":[\"gpio_in\"],\"isCMD\":false,\"action\":\"zuozi_2\",\"tips\":\"\",\"trigTips\":\"\"},{\"trigger\":[\"cmd\"],\"isCMD\":true,\"action\":\"turnon\",\"tips\":\"\",\"word\":\"\u5f00\u706f\",\"wordTips\":\"\",\"reply\":\"\u6536\u5230\",\"replyTips\":\"\"},{\"trigger\":[\"cmd\"],\"isCMD\":true,\"action\":\"turnout\",\"tips\":\"\",\"word\":\"\u5173\u706f\",\"wordTips\":\"\",\"reply\":\"\u6536\u5230\",\"replyTips\":\"\"},{\"trigger\":[\"gpio_in\"],\"isCMD\":false,\"action\":\"butai_3\",\"tips\":\"\",\"trigTips\":\"\"},{\"trigger\":[\"gpio_in\"],\"isCMD\":false,\"action\":\"butai_31\",\"tips\":\"\",\"trigTips\":\"\"},{\"trigger\":[\"cmd\"],\"isCMD\":true,\"action\":\"dance\",\"tips\":\"\",\"word\":\"\u8df3\u4e2a\u821e\",\"wordTips\":\"\",\"reply\":\"\u6536\u5230\",\"replyTips\":\"\"}],\"cmdReply\":[],\"cmdWrong\":{\"word\":\"\",\"wordTips\":\"\"}}","acoustic_mode":null,"custom_voice":"{\"voiceType\":\"speaker\",\"speaker\":{\"id\":3,\"name\":\"\u7cd6\u7cd6\",\"name_pinyin\":\"tangtang\",\"i_img\":\"https:\/\/images.smartpi.cn\/img\/informant_img3.png\",\"i_type\":\"\u6d3b\u6cfc\u5973\u751f\",\"origin\":1,\"lang\":0},\"volume\":50,\"speed\":50,\"brightness\":50}","other_config":"{\"welcome\":\"custom\",\"text\":\"\u4f60\u597d\",\"exitTime\":10,\"timeExitReply\":[\"\u6709\u9700\u8981\u518d\u53eb\u6211\"],\"exitCmd\":[\"\u9000\u4e0b\"],\"exitReply\":[\"\u6709\u9700\u8981\u518d\u53eb\u6211\"]}","action_config":"[{\"action\":\"wakeup_uni\",\"word\":\"\u4f60\u597d\u5c0f\u5e05\",\"trigger_items\":[],\"ctrl_items\":[]},{\"action\":\"music\",\"word\":\"\u5531\u4e2a\u6b4c\",\"trigger_items\":[],\"ctrl_items\":[]},{\"action\":\"front\",\"word\":\"\u524d\u8fdb\",\"trigger_items\":[],\"ctrl_items\":[{\"actionType\":\"pin_out\",\"function\":\"GPIO_B0\",\"command\":\"set\",\"params\":{\"duty\":0,\"data\":\"\",\"voltage\":\"high\",\"period\":10,\"times\":1,\"var_name\":\"\",\"var_opr\":\"\",\"var_mode\":\"data\",\"var_data\":\"\",\"var_param\":\"\",\"var_var\":\"\",\"sys_type\":\"\",\"sys_opr\":\"\",\"sys_args\":{}},\"is_delayed\":\"0\",\"delayed_time\":0,\"is_flip\":\"0\",\"flip_time\":0,\"voice_content\":[{\"type\":\"text\",\"value\":\"\"}],\"is_condition\":\"0\",\"condition\":[[]],\"cond_value\":{},\"cond_right\":[{}]}]},{\"action\":\"left\",\"word\":\"\u5411\u5de6\u8f6c\",\"trigger_items\":[],\"ctrl_items\":[{\"actionType\":\"pin_out\",\"function\":\"GPIO_A25\",\"command\":\"set\",\"params\":{\"duty\":0,\"data\":\"\",\"voltage\":\"high\",\"period\":10,\"times\":1,\"var_name\":\"\",\"var_opr\":\"\",\"var_mode\":\"data\",\"var_data\":\"\",\"var_param\":\"\",\"var_var\":\"\",\"sys_type\":\"\",\"sys_opr\":\"\",\"sys_args\":{}},\"is_delayed\":\"0\",\"delayed_time\":0,\"is_flip\":\"0\",\"flip_time\":0,\"voice_content\":[{\"type\":\"text\",\"value\":\"\"}],\"is_condition\":\"0\",\"condition\":[[]],\"cond_value\":{},\"cond_right\":[{}]}]},{\"action\":\"stop_dance\",\"word\":\"\u505c\u6b62\u821e\u8e48\",\"trigger_items\":[],\"ctrl_items\":[{\"actionType\":\"pin_out\",\"function\":\"GPIO_B1\",\"command\":\"set\",\"params\":{\"duty\":0,\"data\":\"\",\"voltage\":\"low\",\"period\":10,\"times\":1,\"var_name\":\"\",\"var_opr\":\"\",\"var_mode\":\"data\",\"var_data\":\"\",\"var_param\":\"\",\"var_var\":\"\",\"sys_type\":\"\",\"sys_opr\":\"\",\"sys_args\":{}},\"is_delayed\":\"0\",\"delayed_time\":0,\"is_flip\":\"0\",\"flip_time\":0,\"voice_content\":[{\"type\":\"text\",\"value\":\"\"}],\"is_condition\":\"0\",\"condition\":[[]],\"cond_value\":{},\"cond_right\":[{}]}]},{\"action\":\"stop_front\",\"word\":\"\u505c\u6b62\u524d\u8fdb\",\"trigger_items\":[],\"ctrl_items\":[{\"actionType\":\"pin_out\",\"function\":\"GPIO_B0\",\"command\":\"set\",\"params\":{\"duty\":0,\"data\":\"\",\"voltage\":\"low\",\"period\":10,\"times\":1,\"var_name\":\"\",\"var_opr\":\"\",\"var_mode\":\"data\",\"var_data\":\"\",\"var_param\":\"\",\"var_var\":\"\",\"sys_type\":\"\",\"sys_opr\":\"\",\"sys_args\":{}},\"is_delayed\":\"0\",\"delayed_time\":0,\"is_flip\":\"0\",\"flip_time\":0,\"voice_content\":[{\"type\":\"text\",\"value\":\"\"}],\"is_condition\":\"0\",\"condition\":[[]],\"cond_value\":{},\"cond_right\":[{}]}]},{\"action\":\"zuozi\",\"word\":\"\",\"trigger_items\":[{\"triggerType\":\"gpio_in\",\"params\":{\"cmdWord\":\"\",\"condition\":[[]],\"cond_value\":{},\"cond_right\":[{}],\"gpio_in\":[[\"GPIO_A26\",\"high\"]],\"uart_in\":{\"portName\":\"\",\"param\":[]},\"adc_in\":[{}],\"pulse_in\":{},\"event_in\":{\"event_trigger\":[]}}}],\"ctrl_items\":[{\"actionType\":\"play\",\"function\":\"\",\"command\":\"\",\"params\":{\"duty\":0,\"data\":\"\",\"voltage\":\"\",\"period\":10,\"times\":1,\"var_name\":\"\",\"var_opr\":\"\",\"var_mode\":\"data\",\"var_data\":\"\",\"var_param\":\"\",\"var_var\":\"\",\"sys_type\":\"\",\"sys_opr\":\"\",\"sys_args\":{}},\"is_delayed\":\"0\",\"delayed_time\":\"\",\"is_flip\":\"0\",\"flip_time\":\"\",\"voice_content\":[{\"type\":\"text\",\"value\":\"\u5750\u59ff\u4e0d\u7aef\u6b63\uff0c\u8bf7\u4fee\u6539\u5750\u59ff\",\"textTips\":\"\"}],\"is_condition\":\"0\",\"condition\":[[]],\"cond_value\":{},\"cond_right\":[{}]}]},{\"action\":\"zuozi_2\",\"word\":\"\",\"trigger_items\":[{\"triggerType\":\"gpio_in\",\"params\":{\"cmdWord\":\"\",\"condition\":[[]],\"cond_value\":{},\"cond_right\":[{}],\"gpio_in\":[[\"GPIO_A26\",\"low\"]],\"uart_in\":{\"portName\":\"\",\"param\":[]},\"adc_in\":[{}],\"pulse_in\":{},\"event_in\":{\"event_trigger\":[]}}}],\"ctrl_items\":[]},{\"action\":\"turnon\",\"word\":\"\u5f00\u706f\",\"trigger_items\":[],\"ctrl_items\":[{\"actionType\":\"pin_out\",\"function\":\"GPIO_A27\",\"command\":\"set\",\"params\":{\"duty\":0,\"data\":\"\",\"voltage\":\"high\",\"period\":10,\"times\":1,\"var_name\":\"\",\"var_opr\":\"\",\"var_mode\":\"data\",\"var_data\":\"\",\"var_param\":\"\",\"var_var\":\"\",\"sys_type\":\"\",\"sys_opr\":\"\",\"sys_args\":{}},\"is_delayed\":\"0\",\"delayed_time\":0,\"is_flip\":\"0\",\"flip_time\":0,\"voice_content\":[{\"type\":\"text\",\"value\":\"\"}],\"is_condition\":\"0\",\"condition\":[[]],\"cond_value\":{},\"cond_right\":[{}]}]},{\"action\":\"turnout\",\"word\":\"\u5173\u706f\",\"trigger_items\":[],\"ctrl_items\":[{\"actionType\":\"pin_out\",\"function\":\"GPIO_A27\",\"command\":\"set\",\"params\":{\"duty\":0,\"data\":\"\",\"voltage\":\"low\",\"period\":10,\"times\":1,\"var_name\":\"\",\"var_opr\":\"\",\"var_mode\":\"data\",\"var_data\":\"\",\"var_param\":\"\",\"var_var\":\"\",\"sys_type\":\"\",\"sys_opr\":\"\",\"sys_args\":{}},\"is_delayed\":\"0\",\"delayed_time\":0,\"is_flip\":\"0\",\"flip_time\":0,\"voice_content\":[{\"type\":\"text\",\"value\":\"\"}],\"is_condition\":\"0\",\"condition\":[[]],\"cond_value\":{},\"cond_right\":[{}]}]},{\"action\":\"butai_3\",\"word\":\"\",\"trigger_items\":[{\"triggerType\":\"gpio_in\",\"params\":{\"cmdWord\":\"\",\"condition\":[[]],\"cond_value\":{},\"cond_right\":[{}],\"gpio_in\":[[\"GPIO_B8\",\"high\"]],\"uart_in\":{\"portName\":\"\",\"param\":[]},\"adc_in\":[{}],\"pulse_in\":{},\"event_in\":{\"event_trigger\":[]}}}],\"ctrl_items\":[{\"actionType\":\"play\",\"function\":\"\",\"command\":\"\",\"params\":{\"duty\":0,\"data\":\"\",\"voltage\":\"\",\"period\":10,\"times\":1,\"var_name\":\"\",\"var_opr\":\"\",\"var_mode\":\"data\",\"var_data\":\"\",\"var_param\":\"\",\"var_var\":\"\",\"sys_type\":\"\",\"sys_opr\":\"\",\"sys_args\":{}},\"is_delayed\":\"0\",\"delayed_time\":\"\",\"is_flip\":\"0\",\"flip_time\":\"\",\"voice_content\":[{\"type\":\"text\",\"value\":\"\u5df2\u5230\u8fbe\u8bbe\u5b9a\u65f6\u95f4\u8bf7\u6d3b\u52a8\u4e00\u4e0b\u8eab\u4f53\",\"textTips\":\"\"}],\"is_condition\":\"0\",\"condition\":[[]],\"cond_value\":{},\"cond_right\":[{}]}]},{\"action\":\"butai_31\",\"word\":\"\",\"trigger_items\":[{\"triggerType\":\"gpio_in\",\"params\":{\"cmdWord\":\"\",\"condition\":[[]],\"cond_value\":{},\"cond_right\":[{}],\"gpio_in\":[[\"GPIO_B8\",\"low\"]],\"uart_in\":{\"portName\":\"\",\"param\":[]},\"adc_in\":[{}],\"pulse_in\":{},\"event_in\":{\"event_trigger\":[]}}}],\"ctrl_items\":[]},{\"action\":\"dance\",\"word\":\"\u8df3\u4e2a\u821e\",\"trigger_items\":[],\"ctrl_items\":[{\"actionType\":\"pin_out\",\"function\":\"GPIO_B1\",\"command\":\"set\",\"params\":{\"duty\":0,\"data\":\"\",\"voltage\":\"high\",\"period\":10,\"times\":1,\"var_name\":\"\",\"var_opr\":\"\",\"var_mode\":\"data\",\"var_data\":\"\",\"var_param\":\"\",\"var_var\":\"\",\"sys_type\":\"\",\"sys_opr\":\"\",\"sys_args\":{}},\"is_delayed\":\"0\",\"delayed_time\":0,\"is_flip\":\"0\",\"flip_time\":0,\"voice_content\":[{\"type\":\"text\",\"value\":\"\"}],\"is_condition\":\"0\",\"condition\":[[]],\"cond_value\":{},\"cond_right\":[{}]}]}]","pin_config":"[{\"pin\":1,\"function\":\"GPIO_B0\",\"params\":{\"def_voltage\":\"low\",\"baud_rate\":9600,\"data_bits\":8,\"stop_bits\":1,\"parity_bits\":\"none\",\"frequency\":2000,\"reverse_voltage\":\"disable\",\"mode\":\"out\",\"adc_range\":100,\"pulse_range\":100,\"frequency_soft\":100,\"reverse_voltage_soft\":\"disable\",\"default_function\":\"\"},\"memory\":\"0\"},{\"pin\":2,\"function\":\"GPIO_B1\",\"params\":{\"def_voltage\":\"low\",\"frequency\":2000,\"reverse_voltage\":\"disable\",\"mode\":\"out\",\"pulse_range\":100,\"frequency_soft\":100,\"reverse_voltage_soft\":\"disable\",\"rx_mode\":\"0\",\"rx_head\":\"AA 55\",\"rx_foot\":\"55 AA\",\"default_function\":\"\"},\"memory\":\"0\"},{\"pin\":\"3\",\"function\":\"GPIO_A25\",\"params\":{\"def_voltage\":\"low\",\"mode\":\"out\",\"adc_range\":100,\"pulse_range\":100,\"frequency_soft\":100,\"reverse_voltage_soft\":\"disable\",\"default_function\":\"\"},\"memory\":\"0\"},{\"pin\":\"4\",\"function\":\"GPIO_A26\",\"params\":{\"def_voltage\":\"low\",\"mode\":\"in\",\"adc_range\":100,\"pulse_range\":100,\"frequency_soft\":100,\"reverse_voltage_soft\":\"disable\",\"default_function\":\"\"},\"memory\":\"0\"},{\"pin\":\"5\",\"function\":\"GPIO_A27\",\"params\":{\"def_voltage\":\"low\",\"frequency\":2000,\"reverse_voltage\":\"disable\",\"mode\":\"out\",\"adc_range\":100,\"pulse_range\":100,\"frequency_soft\":100,\"reverse_voltage_soft\":\"disable\",\"default_function\":\"\"},\"memory\":\"0\"},{\"pin\":\"6\",\"function\":\"GPIO_A28\",\"params\":{\"def_voltage\":\"low\",\"frequency\":2000,\"reverse_voltage\":\"disable\",\"mode\":\"out\",\"pulse_range\":100,\"frequency_soft\":100,\"reverse_voltage_soft\":\"disable\",\"default_function\":\"\"},\"memory\":\"0\"},{\"pin\":\"7\",\"function\":\"UART1_RX\",\"params\":{\"def_voltage\":\"low\",\"mode\":\"out\",\"pulse_range\":100,\"frequency_soft\":100,\"reverse_voltage_soft\":\"disable\",\"rx_mode\":\"0\",\"rx_head\":\"AA 55\",\"rx_foot\":\"55 AA\",\"default_function\":\"\"},\"memory\":\"0\"},{\"pin\":\"8\",\"function\":\"UART1_TX\",\"params\":{\"def_voltage\":\"low\",\"baud_rate\":115200,\"data_bits\":8,\"stop_bits\":1,\"parity_bits\":\"none\",\"mode\":\"out\",\"pulse_range\":100,\"frequency_soft\":100,\"reverse_voltage_soft\":\"disable\",\"default_function\":\"\"},\"memory\":\"0\"},{\"pin\":\"9\",\"function\":\"GPIO_B8\",\"params\":{\"def_voltage\":\"low\",\"frequency\":2000,\"reverse_voltage\":\"disable\",\"mode\":\"in\",\"pulse_range\":100,\"frequency_soft\":100,\"reverse_voltage_soft\":\"disable\",\"default_function\":\"\"},\"memory\":\"0\"},{\"pin\":\"21\",\"function\":\"GPIO_B2\",\"params\":{\"def_voltage\":\"low\",\"baud_rate\":9600,\"data_bits\":8,\"stop_bits\":1,\"parity_bits\":\"none\",\"frequency\":2000,\"reverse_voltage\":\"disable\",\"mode\":\"out\",\"pulse_range\":100,\"frequency_soft\":100,\"reverse_voltage_soft\":\"disable\",\"default_function\":\"\"},\"memory\":\"0\"},{\"pin\":\"22\",\"function\":\"GPIO_B3\",\"params\":{\"def_voltage\":\"low\",\"frequency\":2000,\"reverse_voltage\":\"disable\",\"mode\":\"out\",\"pulse_range\":100,\"frequency_soft\":100,\"reverse_voltage_soft\":\"disable\",\"rx_mode\":\"0\",\"rx_head\":\"AA 55\",\"rx_foot\":\"55 AA\",\"default_function\":\"\"},\"memory\":\"0\"}]","create_time":1720161301,"status":2,"appkey":"s7giltsivcdzbme6cntsn5pmskrqx4nemia5hwy7","secret":"36396fc9a277c43d3cb55b3f79181289","create_sdk_time":1720162929,"sign":"E7F66A79D640EB1976FDD764EA17C8625A98859EA17CA89F0EE147D0CF0BFD60","download_url":"https:\/\/unios-sdk.oss-cn-beijing.aliyuncs.com\/sdk\/s7giltsivcdzbme6cntsn5pmskrqx4nemia5hwy7\/rtt_hb_m_online\/uni_hb_m_solution-167502-20240705.tar.gz","down_file":null,"version_describe":"\u597d\u597d\u597d","optimize_config":"[]","var_config":"[{\"name\":\"a\",\"type\":\"int\",\"def_val\":0,\"memory\":\"0\",\"remark\":\"\",\"name_tips\":\"\"},{\"name\":\"time\",\"type\":\"char\",\"def_val\":20,\"memory\":\"0\",\"remark\":\"\",\"name_tips\":\"\"}]","study_config":"{\"open\":\"0\",\"success_count\":\"3\",\"fail_count\":\"5\",\"one_mode\":\"1\",\"actions\":[{\"action\":\"startStudy\",\"word\":\"\u5f00\u59cb\u5b66\u4e60\",\"replys\":[{\"reply\":\"\u5f00\u59cb\u5b66\u4e60\u5524\u9192\u8bcd\uff0c\u8bf7\u5728\u5b89\u9759\u73af\u5883\u4e0b\u8bf4\u8bdd\"},{\"reply\":\"\u5df2\u6709\u5b66\u4e60\u6570\u636e\uff0c\u8bf7\u8bf4\u91cd\u7f6e\u5b66\u4e60\u8fdb\u884c\u91cd\u7f6e\"},{\"reply\":\"\u5b66\u4e60\u6210\u529f\u8bf7\u518d\u8bf4\u4e00\u6b21\"},{\"reply\":\"\u5b66\u4e60\u5931\u8d25\uff0c\u8bf7\u91cd\u8bd5\u4e00\u6b21\"},{\"reply\":\"\u5b66\u4e60\u5b8c\u6210\"},{\"reply\":\"\u5b66\u4e60\u4e2d\u6b62\uff0c\u5df2\u9000\u51fa\"}]},{\"action\":\"clearStudy\",\"word\":\"\u91cd\u7f6e\u5b66\u4e60\",\"replys\":[{\"reply\":\"\u5b66\u4e60\u6570\u636e\u5df2\u91cd\u7f6e\"}]},{\"action\":\"clearStuCmd\",\"word\":\"\u6e05\u9664\u5b66\u4e60\u547d\u4ee4\u8bcd\",\"replys\":[{\"reply\":\"\u547d\u4ee4\u8bcd\u5b66\u4e60\u6570\u636e\u5df2\u6e05\u9664\"}]},{\"action\":\"clearStuWakeup\",\"word\":\"\u6e05\u9664\u5b66\u4e60\u5524\u9192\u8bcd\",\"replys\":[{\"reply\":\"\u5524\u9192\u8bcd\u5b66\u4e60\u6570\u636e\u5df2\u6e05\u9664\"}]},{\"action\":\"startStuWakeup\",\"word\":\"\u5f00\u59cb\u5b66\u4e60\u5524\u9192\u8bcd\",\"replys\":[]},{\"action\":\"startStuCmd\",\"word\":\"\u5f00\u59cb\u5b66\u4e60\u547d\u4ee4\u8bcd\",\"replys\":[]}]}","audio_config":"[{\"text\":\"\u64ad\u653e\u97f3\u4e50\",\"audio\":\"39846_1718863734.mp3\",\"size\":59954}]","base_id":525155,"help_config":"\"\"","ext_config":"{\"timers\":[],\"ir_tags\":[]}","pin_config_ext":"null","mode":1,"fail_reason":"","comm_config":"null"}],"_export_product_":true,"_module_name_":"SU-03T","_p_system_":"yzs1"}